{
	"language":"turkish",
	"abbreviation":"tr",
	"desc":"rule set for the turkish language (incomplete)",
	"created":"06.12.2018",
	"created by":"fb",
	"modified":"30.12.2018",
	"modified by":"fb",
	"active":"TRUE",
	"usesVowelHarm":"TRUE",
	
	"pronouns":[
		{
			"category":"personal",
			"mandatory":"FALSE",
			"members": [
				{
					"I":"ben",
					"you":"sen",
					"he/she/it":"o",
					"we":"biz",
					"you (pl.)":"siz",
					"they":"onlar"
				}
			]
		},
		{
			"category":"possessiv",
			"mandatory":"FALSE",
			"members": [
				{
					"mine":"benim",
					"yours":"senin",
					"his/hers":"onun",
					"ours":"bizim",
					"yours (pl.)":"sizin",
					"theirs":"onlar\u0131"
				}
			]
		}
	],
	
	"noun":[
		{
			"category":"noun",
			"type":"rules",
			"canUse":[
				"person",
				"possession",
				"pronouns",
				"case"
			],
			"order":[
				"plural",
				"possession",
				"case"
			]
		}
	],
	"verb":[
		{
			"category":"verb",
			"type":"rules",
			"canUse":[
				"negation",
				"times",
				"person"
			],
			"order":[
				"imperative",
				"voluntative",
				"mode",
				"times",
				"person"
			]
		}
	],
		
	"mode":[
		{
			"voluntative":[
				{
					"category":"construction",
					"type":"mode",
					"canUse":"negation",
					"items":[
						"-y_m",
						"-l_m"
					]
				} 
			],
			
			"imperative":[
				{
					"category":"construction",
					"type":"mode",
					"canUse":"negation",
					"items":[
						"*",
						"%_n"
					]
				} 
			],
			
			"reciprocal":[
				{
					"category":"construct",
					"type":"mode",
					"items":[
						"-ş"
					]
				}
			],
			
			"negation":[
				{
					"category":"construct",
					"type":"mode",
					"items":[
						"m-"
					]
				}
			],
			
			"possession":[
				{
					"category":"construct",
					"type":"mode",
					"items":[
						"_m",
						"_n",
						"%_",
						"_m_z",
						"_n_z",
						"l-r_"
					]
				}
			]
		}
	],
	
	"possession":[
		{
			"category":"construct",
			"items": [
					"_m",
					"_n",
					"%_",
					"_m_z",
					"_n_z",
					"l-r_"
			]
		}
	],
	"tense":[
		{
			"present":[
				{
					"category":"times",
					"type":"construct",
					"items":[
						"_y*or_m",
						"_y*ors_n",
						"_y*or",
						"_y*or_z",
						"_y*ors_n_z",
						"_y*orl-r"
					]			
				}
			],
			
			"futur":[
				{
					"category":"times",
					"type":"construct",
					"items":[
						"%-c-ğ_m",
						"%-c-ğ_n",
						"%-c-k",
						"%-c-ğ_z",
						"%-c-ğ_n_z",
						"%-c-kl-r"				
					]
				}
			],
			
			"past":[
				{
					"category":"times",
					"type":"construct",
					"items":[
						"d_m",
						"d_n",
						"d_",
						"d_k",
						"d_n_z",
						"d_l-r"
					]
				}
			],
			
			"infinitive":[
				{
					"category":"times",
					"type":"construct",
					"items":[
						"m-k"
					]
				}
			]
		}
	],
	
	"person":[
		{
			"category":"person",
			"type":"deconstruct",
			"items":[
					"_m",
					"s*_n",
					"\\W",
					"_[zk]",
					"s*_n_z",
					"l-r"
			]
		}
	],
				
	"number":[
		{
			"plural":[
				{
					"category":"construct",
					"items":[
						"l-r"
					]
				}		
			],
			"singular":[
				{
					"category":"construct",
					"items":[
						""
					]
				}		
			]
		}
	],
	

	
	"consonants":[
		{
			"category":"consonants",
			"items":[
				{
					"ç":"c",
					"p":"b",
					"t":"d",
					"k":"ğ"	
				}
			]
		}
	
	],
	"vowels":[
		{
			"vowels":[
				{
					"category":"vowels",
					"items":[
						"a",
						"e",
						"i",
						"o",
						"u",
						"ü",
						"ö",
						"ı"
					]
				}
			],
			"low_vowels":[
				{
					"category":"vowel_harmony",
					"type":"vowels",
					"items":[
						{
							"e":"e",
							"i":"e",
							"ö":"e",
							"ü":"e",
							"a":"a",
							"ı":"a",
							"o":"a",
							"u":"a"	
						}
					]		
				}
			],
			"high_vowels":[
				{
					"category":"vowel_harmony",
					"type":"vowels",
					"items":[
						{
							"e":"i",
							"i":"i",
							"ö":"ü",
							"ü":"ü",
							"a":"ı",
							"ı":"ı",
							"o":"u",
							"u":"u"	
						}
					]
				}
			]
		}
	],
	
	"construct":[
		{
			"category":"construct",
			"order":[
				{
					"verb":[
						"imperative",
						"voluntative",
						"mode",
						"times",
						"person"
					],
					"noun":[
						"number",
						"possession",
						"case"
					]	
				}
			]
		}
	],
	
	"deconstruct":[
		{
			"category":"deconstruct",
			"order":[
				{
					"verb":[
						{
							"m[ea]":"negation",
							"_ş":"reciprocal",
							"y*-y_m|y*-l_m":"voluntative",
							"y*-c-[ğk]":"futur",
							"_yor":"present",
							".{+}[td]_":"past",
							"_m|s*_n|\\W|_[zk]|s*_n_z|l-r":"person"
						}					
					],
					"verb_order":[
						"negation",
						"reciprocal",
						"voluntative",
						"past",
						"present",
						"futur",
						"person"
					],
					"noun":[
						{
							"_m|_n|%_|_m_z|_n_z|l-r_":"possession",
							"l-r":"plural"
						}
					],
					"noun_order":[
						"plural",
						"possession"
					]	
				}
			]
		}
	]
}
